<?xml version="1.0" encoding="UTF-8" standalone="no"?><Empleados><empleado><codigo>1</codigo><nombre>Luis Santos</nombre><direccion>Calle San Juan de la Cruz</direccion><salario>1200.0</salario><comision>25.6</comision></empleado><empleado><codigo>2</codigo><nombre>Maria Gomez</nombre><direccion>Calle Mayor 4</direccion><salario>1140.0</salario><comision>20.6</comision></empleado><empleado><codigo>3</codigo><nombre>Natalia Fernandez</nombre><direccion>Av. del Progreso 7</direccion><salario>970.0</salario><comision>13.4</comision></empleado><empleado><codigo>4</codigo><nombre>Carlos Gil</nombre><direccion>Av. del ParaÃ­so 7</direccion><salario>1578.0</salario><comision>31.6</comision></empleado><empleado><codigo>5</codigo><nombre>Manuel Gonzalez</nombre><direccion>Calle Alejandro el magno 40 1F</direccion><salario>1400.0</salario><comision>37.6</comision></empleado></Empleados>